{
  "feature_order": [
    "ph_mean",
    "ph_std",
    "ec_mean",
    "ec_slope",
    "turbidity_peak",
    "flow_drop_pct",
    "days_since_flush"
  ],
  "feature_mean": [
    6.680266380310059,
    0.09976983070373535,
    2.070511817932129,
    0.04483356326818466,
    34.62710189819336,
    5.9266886711120605,
    7.75402307510376
  ],
  "feature_std": [
    0.18431271612644196,
    0.031840819865465164,
    0.2554362416267395,
    0.06370912492275238,
    30.023950576782227,
    5.3305792808532715,
    6.237094879150391
  ],
  "seq_len": 7,
  "risk_thresholds": {
    "red": 0.65,
    "amber": 0.35
  }
}